source,url,titre,prix,type_bien,quartier,surface_m2,point_repere,vendeur,date_publication,nb_images,image_url,date_scraping,ville,nb_chambres,nb_sdb,description,page,id_unique,type_annonce,nb_vues,nb_pieces_total,meuble
wassit.info,https://wassit.info/annonces/12434.html,Maison  aux  Lvelouje,14 500 000,,,,,,Vu 4692 fois,,,2026-02-14,Ù†ÙˆØ§ÙƒØ´ÙˆØ·,,,,1.0,,,,,
wassit.info,https://wassit.info/annonces/12406.html,"Machine de brique, parpaing, pavÃ©s autobloquant",,,,,,,Vu 4290 fois,,,2026-02-14,Nouakchott - Mauritanie,,,,1.0,,,,,
wassit.info,https://wassit.info/annonces/12405.html,Machine de fabrication de brique,,,,,,,Vu 4325 fois,,,2026-02-14,Nouakchott - Mauritanie,,,,1.0,,,,,
wassit.info,https://wassit.info/annonces/12403.html,Machine a parpaing,,,,,,,Vu 4126 fois,,,2026-02-14,Nouakchott - Mauritanie,,,,1.0,,,,,
wassit.info,https://wassit.info/annonces/12375.html,COMPLEXE A VENDRE,725 000,,,,,,Vu 4604 fois,,,2026-02-14,Nouadhibou - Mauritanie,,,,1.0,,,,,
wassit.info,https://wassit.info/annonces/12312.html,Un appartement meublÃ© Ã  louer,150 000,,,,,,Vu 5549 fois,,,2026-02-14,Nouakchott - Mauritanie,,,,1.0,,,,,
wassit.info,https://wassit.info/annonces/12274.html,Ø¯Ø§Ø± Ø§Ù„Ù†Ø¹ÙŠÙ… Ø­Ù‰ 20 Ù‚Ø±Ø¨ Ø§Ù„Ù…Ø·Ø§Ø± Ø§Ù„Ù‚Ø¯ÙŠÙ…,,,,,,,Vu 4316 fois,,,2026-02-14,Ù†ÙˆØ§ÙƒØ´ÙˆØ·,,,,1.0,,,,,
wassit.info,https://wassit.info/annonces/12273.html,Ø¯Ø§Ø± Ø§Ù„Ù†Ø¹ÙŠÙ… Ø­Ù‰ 20 Ù‚Ø±Ø¨ Ø§Ù„Ù…Ø·Ø§Ø± Ø§Ù„Ù‚Ø¯ÙŠÙ…..,,,,,,,Vu 4061 fois,,,2026-02-14,Ù†ÙˆØ§ÙƒØ´ÙˆØ·,,,,1.0,,,,,
wassit.info,https://wassit.info/annonces/12271.html,Terrain Ã  vendre dubai-toujouninie-nouakchott,800,,,,,,Vu 4382 fois,,,2026-02-14,Nouakchott - Mauritanie,,,,1.0,,,,,
wassit.info,https://wassit.info/annonces/12270.html,Dar anaiym,3 500 000,,,,,,Vu 4392 fois,,,2026-02-14,Ù†ÙˆØ§ÙƒØ´ÙˆØ·,,,,1.0,,,,,
wassit.info,https://wassit.info/annonces/12265.html,", Ø¯Ø§Ø± Ø§Ù„Ù†Ø¹ÙŠÙ… Ù‚Ø±Ø¨ Ø§Ù„Ù…Ø·Ø§Ø± Ø§Ù„Ù‚Ø¯ÙŠÙ…",,,,,,,Vu 3455 fois,,,2026-02-14,Ù†ÙˆØ§ÙƒØ´ÙˆØ·,,,,1.0,,,,,
wassit.info,https://wassit.info/annonces/12221.html,"Suite, appartement de service tout neuf parque privÃ©e 10min de l ancien aeroport",9 500,,,,,,Vu 3208 fois,,,2026-02-14,Nouakchott - Mauritanie,,,,1.0,,,,,
wassit.info,https://wassit.info/annonces/12155.html,Sac Ã  main montre et autres accessoires de marque dÃ©jÃ  utilisÃ©.,,,,,,,Vu 2831 fois,,,2026-02-14,Nouakchott - Mauritanie,,,,1.0,,,,,
wassit.info,https://wassit.info/annonces/12145.html,Une maison Ã  vendre Ã  Las Palmas est une excellente opportunitÃ©,,,,,,,Vu 3047 fois,,,2026-02-14,Ù†ÙˆØ§ÙƒØ´ÙˆØ·,,,,1.0,,,,,
wassit.info,https://wassit.info/annonces/12136.html,Station avec garage,60 000 000,,,,,,Vu 3355 fois,,,2026-02-14,Ù†ÙˆØ§ÙƒØ´ÙˆØ·,,,,1.0,,,,,
wassit.info,https://wassit.info/annonces/12100.html,Ù‚Ø·Ø¹Ø© Ø§Ø±Ø¶ Ù„Ù„Ø¨ÙŠØ¹,,,,,,,Vu 2862 fois,,,2026-02-14,Ù†ÙˆØ§Ø°ÙŠØ¨Ùˆ,,,,1.0,,,,,
wassit.info,https://wassit.info/annonces/12081.html,malh sekter 5,5 000 000,,,,,,Vu 2749 fois,,,2026-02-14,Ù†ÙˆØ§ÙƒØ´ÙˆØ·,,,,1.0,,,,,
wassit.info,https://wassit.info/annonces/12080.html,RIYAD,5 500 000,,,,,,Vu 3061 fois,,,2026-02-14,Ù†ÙˆØ§ÙƒØ´ÙˆØ·,,,,1.0,,,,,
wassit.info,https://wassit.info/annonces/12043.html,Studio ou appartement,50 000,,,,,,Vu 3132 fois,,,2026-02-14,Nouakchott - Mauritanie,,,,1.0,,,,,
wassit.info,https://wassit.info/annonces/12040.html,PEAUGEOT 406,,,,,,,Vu 2900 fois,,,2026-02-14,Nouakchott - Mauritanie,,,,1.0,,,,,
wassit.info,https://wassit.info/annonces/11991.html,Un trÃ¨s bonne maison Ã  vendre,800 000,,,,,,Vu 6083 fois,,,2026-02-14,Nouakchott - Mauritanie,,,,2.0,,,,,
wassit.info,https://wassit.info/annonces/11988.html,Apartment Ã®lot C,100 000,,,,,,Vu 3707 fois,,,2026-02-14,Nouakchott - Mauritanie,,,,2.0,,,,,
wassit.info,https://wassit.info/annonces/11976.html,Ø¨ÙŠØ¹ Ø´Ø§Ù†ØªÙŠØ© Ù„Ø§Ø­Ù‚ Ø§Ù„Ù…ØºØ·,4 700 000,,,,,,Vu 4139 fois,,,2026-02-14,Ù†ÙˆØ§ÙƒØ´ÙˆØ·,,,,2.0,,,,,
wassit.info,https://wassit.info/annonces/11964.html,"Jeunes entrepreneurs profitez de l'occasion, vente d'un lavage bien situÃ©",350 000,,,,,,Vu 4827 fois,,,2026-02-14,Nouakchott - Mauritanie,,,,2.0,,,,,
wassit.info,https://wassit.info/annonces/11953.html,Vendre un boutique a  nouveau marchÃ© de capitale,50 000 000,,,,,,Vu 3916 fois,,,2026-02-14,Ù†ÙˆØ§ÙƒØ´ÙˆØ·,,,,2.0,,,,,
wassit.info,https://wassit.info/annonces/11942.html,Maison Ã  vendre,7 000 000,,,,,,Vu 5813 fois,,,2026-02-14,Ù†ÙˆØ§Ø°ÙŠØ¨Ùˆ,,,,2.0,,,,,
wassit.info,https://wassit.info/annonces/11862.html,Je cherche un travail comme cuisine femme de mÃ©nage Secretaire,,,,,,,Vu 3496 fois,,,2026-02-14,Nouakchott - Mauritanie,,,,2.0,,,,,
wassit.info,https://wassit.info/annonces/11845.html,Cherche du travail secretaire ou femme de mÃ©nage out inporte quoi,,,,,,,Vu 2477 fois,,,2026-02-14,Nouakchott - Mauritanie,,,,2.0,,,,,
wassit.info,https://wassit.info/annonces/11814.html,Terrain de 600mÂ² dans la commune de Tiguent,4 000 000,,,,,,Vu 4054 fois,,,2026-02-14,Rosso - Mauritanie,,,,2.0,,,,,
wassit.info,https://wassit.info/annonces/1632.html,Maison a etage a TEYARETT M'gezira 2,,,,,,,Vu 8303 fois,,,2026-02-14,Nouakchott - Mauritanie,,,,2.0,,,,,
wassit.info,https://wassit.info/annonces/470.html,Maison Ã  vendre Ã  Tensuellem,,,,,,,Vu 9717 fois,,,2026-02-14,Ù†ÙˆØ§ÙƒØ´ÙˆØ·,,,,2.0,,,,,
wassit.info,https://wassit.info/annonces/115.html,MAISON A VOUM EL BASE,3 000 000,,,,,,Vu 9197 fois,,,2026-02-14,Nouadhibou - Mauritanie,,,,2.0,,,,,
lagence-mr.com,https://lagence-mr.com/bien/appartement-meuble-haut-standing/,Appartement meublé haut standing,70000 MRU,,FNord,Non spécifié,,,Non spécifiée,,Non spécifié,2026-02-14,Nouakchott,2,Non spécifié,Non spécifié,,Non spécifié,A louer,Non spécifié,Non spécifié,Non spécifié
lagence-mr.com,https://lagence-mr.com/bien/appartement-meuble-haut-standing/,Appartement meublé haut standing,70000 MRU,,FNord,Non spécifié,,,Non spécifiée,,Non spécifié,2026-02-14,Nouakchott,2,Non spécifié,Non spécifié,,5336,A louer,Non spécifié,Non spécifié,Non spécifié
lagence-mr.com,https://lagence-mr.com/bien/duplexe-meuble-a-louer/,Duplexe meublé à louer,80000 MRU,,,Non spécifié,,,Non spécifiée,,Non spécifié,2026-02-14,Nouakchott,2,Non spécifié,Non spécifié,,5256,A louer,Non spécifié,Non spécifié,Non spécifié
lagence-mr.com,https://lagence-mr.com/bien/maison-spacieuse-a-louer/,Maison spacieuse à louer,50000 MRU,,Tevragh zeina,Non spécifié,,,Non spécifiée,,Non spécifié,2026-02-14,Nouakchott,4,Non spécifié,Non spécifié,,5251,A louer,Non spécifié,Non spécifié,Non spécifié
lagence-mr.com,https://lagence-mr.com/bien/maison-a-louer-3/,Maison à louer,30000 MRU,,ModuleE,Non spécifié,,,Non spécifiée,,Non spécifié,2026-02-14,Nouakchott,2,Non spécifié,Non spécifié,,5248,A louer,Non spécifié,Non spécifié,Non spécifié
lagence-mr.com,https://lagence-mr.com/bien/maison-a-louer-2/,Maison à louer,60000 MRU,,Tevragh zeina,Non spécifié,,,Non spécifiée,,Non spécifié,2026-02-14,Nouakchott,5,Non spécifié,Non spécifié,,5239,A louer,Non spécifié,Non spécifié,Non spécifié
lagence-mr.com,https://lagence-mr.com/bien/villa-meublee-avec-piscine/,Villa meublée avec piscine,80000 MRU,,Las Palmas,Non spécifié,,,Non spécifiée,,Non spécifié,2026-02-14,Nouakchott,2,Non spécifié,Non spécifié,,5233,A louer,Non spécifié,Non spécifié,Non spécifié
lagence-mr.com,https://lagence-mr.com/bien/appartement-meuble-7/,Appartement meublé,70000 MRU,,ENord,Non spécifié,,,Non spécifiée,,Non spécifié,2026-02-14,Nouakchott,2,Non spécifié,Non spécifié,,5226,A louer,Non spécifié,Non spécifié,Non spécifié
lagence-mr.com,https://lagence-mr.com/bien/appartement-neuf-4/,Appartement neuf,18000 MRU,,ModuleA,Non spécifié,,,Non spécifiée,,Non spécifié,2026-02-14,Nouakchott,2,Non spécifié,Non spécifié,,5223,A louer,Non spécifié,Non spécifié,Non spécifié
lagence-mr.com,https://lagence-mr.com/bien/magnifique-complexe-dappartements/,Appartement Haut standing,60000 MRU,,FNord,Non spécifié,,,Non spécifiée,,Non spécifié,2026-02-14,Nouakchott,2,Non spécifié,Non spécifié,,5198,A louer,Non spécifié,Non spécifié,Non spécifié
lagence-mr.com,https://lagence-mr.com/bien/appartement-meuble-haut-standing/,Appartement meublé haut standing,70000 MRU,,FNord,Non spécifié,,,Non spécifiée,,Non spécifié,2026-02-14,Nouakchott,2,Non spécifié,Non spécifié,,Non spécifié,A louer,Non spécifié,Non spécifié,Non spécifié
lagence-mr.com,https://lagence-mr.com/bien/appartement-meuble-haut-standing/,Appartement meublé haut standing,70000 MRU,,FNord,Non spécifié,,,Non spécifiée,,Non spécifié,2026-02-14,Nouakchott,2,Non spécifié,Non spécifié,,5336,A louer,Non spécifié,Non spécifié,Non spécifié
lagence-mr.com,https://lagence-mr.com/bien/duplexe-meuble-a-louer/,Duplexe meublé à louer,80000 MRU,,,Non spécifié,,,Non spécifiée,,Non spécifié,2026-02-14,Nouakchott,2,Non spécifié,Non spécifié,,5256,A louer,Non spécifié,Non spécifié,Non spécifié
lagence-mr.com,https://lagence-mr.com/bien/maison-spacieuse-a-louer/,Maison spacieuse à louer,50000 MRU,,Tevragh zeina,Non spécifié,,,Non spécifiée,,Non spécifié,2026-02-14,Nouakchott,4,Non spécifié,Non spécifié,,5251,A louer,Non spécifié,Non spécifié,Non spécifié
lagence-mr.com,https://lagence-mr.com/bien/maison-a-louer-3/,Maison à louer,30000 MRU,,ModuleE,Non spécifié,,,Non spécifiée,,Non spécifié,2026-02-14,Nouakchott,2,Non spécifié,Non spécifié,,5248,A louer,Non spécifié,Non spécifié,Non spécifié
lagence-mr.com,https://lagence-mr.com/bien/maison-a-louer-2/,Maison à louer,60000 MRU,,Tevragh zeina,Non spécifié,,,Non spécifiée,,Non spécifié,2026-02-14,Nouakchott,5,Non spécifié,Non spécifié,,5239,A louer,Non spécifié,Non spécifié,Non spécifié
lagence-mr.com,https://lagence-mr.com/bien/villa-meublee-avec-piscine/,Villa meublée avec piscine,80000 MRU,,Las Palmas,Non spécifié,,,Non spécifiée,,Non spécifié,2026-02-14,Nouakchott,2,Non spécifié,Non spécifié,,5233,A louer,Non spécifié,Non spécifié,Non spécifié
lagence-mr.com,https://lagence-mr.com/bien/appartement-meuble-7/,Appartement meublé,70000 MRU,,ENord,Non spécifié,,,Non spécifiée,,Non spécifié,2026-02-14,Nouakchott,2,Non spécifié,Non spécifié,,5226,A louer,Non spécifié,Non spécifié,Non spécifié
lagence-mr.com,https://lagence-mr.com/bien/appartement-neuf-4/,Appartement neuf,18000 MRU,,ModuleA,Non spécifié,,,Non spécifiée,,Non spécifié,2026-02-14,Nouakchott,2,Non spécifié,Non spécifié,,5223,A louer,Non spécifié,Non spécifié,Non spécifié
lagence-mr.com,https://lagence-mr.com/bien/magnifique-complexe-dappartements/,Appartement Haut standing,60000 MRU,,FNord,Non spécifié,,,Non spécifiée,,Non spécifié,2026-02-14,Nouakchott,2,Non spécifié,Non spécifié,,5198,A louer,Non spécifié,Non spécifié,Non spécifié
lagence-mr.com,https://lagence-mr.com/bien/appartement-meuble-haut-standing/,Appartement meublé haut standing,70000 MRU,,FNord,Non spécifié,,,Non spécifiée,,Non spécifié,2026-02-14,Nouakchott,2,Non spécifié,Non spécifié,,Non spécifié,A louer,Non spécifié,Non spécifié,Non spécifié
lagence-mr.com,https://lagence-mr.com/bien/appartement-meuble-haut-standing/,Appartement meublé haut standing,70000 MRU,,FNord,Non spécifié,,,Non spécifiée,,Non spécifié,2026-02-14,Nouakchott,2,Non spécifié,Non spécifié,,5336,A louer,Non spécifié,Non spécifié,Non spécifié
lagence-mr.com,https://lagence-mr.com/bien/duplexe-meuble-a-louer/,Duplexe meublé à louer,80000 MRU,,,Non spécifié,,,Non spécifiée,,Non spécifié,2026-02-14,Nouakchott,2,Non spécifié,Non spécifié,,5256,A louer,Non spécifié,Non spécifié,Non spécifié
lagence-mr.com,https://lagence-mr.com/bien/maison-spacieuse-a-louer/,Maison spacieuse à louer,50000 MRU,,Tevragh zeina,Non spécifié,,,Non spécifiée,,Non spécifié,2026-02-14,Nouakchott,4,Non spécifié,Non spécifié,,5251,A louer,Non spécifié,Non spécifié,Non spécifié
lagence-mr.com,https://lagence-mr.com/bien/maison-a-louer-3/,Maison à louer,30000 MRU,,ModuleE,Non spécifié,,,Non spécifiée,,Non spécifié,2026-02-14,Nouakchott,2,Non spécifié,Non spécifié,,5248,A louer,Non spécifié,Non spécifié,Non spécifié
lagence-mr.com,https://lagence-mr.com/bien/maison-a-louer-2/,Maison à louer,60000 MRU,,Tevragh zeina,Non spécifié,,,Non spécifiée,,Non spécifié,2026-02-14,Nouakchott,5,Non spécifié,Non spécifié,,5239,A louer,Non spécifié,Non spécifié,Non spécifié
lagence-mr.com,https://lagence-mr.com/bien/villa-meublee-avec-piscine/,Villa meublée avec piscine,80000 MRU,,Las Palmas,Non spécifié,,,Non spécifiée,,Non spécifié,2026-02-14,Nouakchott,2,Non spécifié,Non spécifié,,5233,A louer,Non spécifié,Non spécifié,Non spécifié
lagence-mr.com,https://lagence-mr.com/bien/appartement-meuble-7/,Appartement meublé,70000 MRU,,ENord,Non spécifié,,,Non spécifiée,,Non spécifié,2026-02-14,Nouakchott,2,Non spécifié,Non spécifié,,5226,A louer,Non spécifié,Non spécifié,Non spécifié
lagence-mr.com,https://lagence-mr.com/bien/appartement-neuf-4/,Appartement neuf,18000 MRU,,ModuleA,Non spécifié,,,Non spécifiée,,Non spécifié,2026-02-14,Nouakchott,2,Non spécifié,Non spécifié,,5223,A louer,Non spécifié,Non spécifié,Non spécifié
lagence-mr.com,https://lagence-mr.com/bien/magnifique-complexe-dappartements/,Appartement Haut standing,60000 MRU,,FNord,Non spécifié,,,Non spécifiée,,Non spécifié,2026-02-14,Nouakchott,2,Non spécifié,Non spécifié,,5198,A louer,Non spécifié,Non spécifié,Non spécifié
lagence-mr.com,https://lagence-mr.com/bien/appartement-meuble-haut-standing/,Appartement meublé haut standing,70000 MRU,,FNord,Non spécifié,,,Non spécifiée,,Non spécifié,2026-02-14,Nouakchott,2,Non spécifié,Non spécifié,,Non spécifié,A louer,Non spécifié,Non spécifié,Non spécifié
lagence-mr.com,https://lagence-mr.com/bien/appartement-meuble-haut-standing/,Appartement meublé haut standing,70000 MRU,,FNord,Non spécifié,,,Non spécifiée,,Non spécifié,2026-02-14,Nouakchott,2,Non spécifié,Non spécifié,,5336,A louer,Non spécifié,Non spécifié,Non spécifié
lagence-mr.com,https://lagence-mr.com/bien/duplexe-meuble-a-louer/,Duplexe meublé à louer,80000 MRU,,,Non spécifié,,,Non spécifiée,,Non spécifié,2026-02-14,Nouakchott,2,Non spécifié,Non spécifié,,5256,A louer,Non spécifié,Non spécifié,Non spécifié
lagence-mr.com,https://lagence-mr.com/bien/maison-spacieuse-a-louer/,Maison spacieuse à louer,50000 MRU,,Tevragh zeina,Non spécifié,,,Non spécifiée,,Non spécifié,2026-02-14,Nouakchott,4,Non spécifié,Non spécifié,,5251,A louer,Non spécifié,Non spécifié,Non spécifié
lagence-mr.com,https://lagence-mr.com/bien/maison-a-louer-3/,Maison à louer,30000 MRU,,ModuleE,Non spécifié,,,Non spécifiée,,Non spécifié,2026-02-14,Nouakchott,2,Non spécifié,Non spécifié,,5248,A louer,Non spécifié,Non spécifié,Non spécifié
lagence-mr.com,https://lagence-mr.com/bien/maison-a-louer-2/,Maison à louer,60000 MRU,,Tevragh zeina,Non spécifié,,,Non spécifiée,,Non spécifié,2026-02-14,Nouakchott,5,Non spécifié,Non spécifié,,5239,A louer,Non spécifié,Non spécifié,Non spécifié
lagence-mr.com,https://lagence-mr.com/bien/villa-meublee-avec-piscine/,Villa meublée avec piscine,80000 MRU,,Las Palmas,Non spécifié,,,Non spécifiée,,Non spécifié,2026-02-14,Nouakchott,2,Non spécifié,Non spécifié,,5233,A louer,Non spécifié,Non spécifié,Non spécifié
lagence-mr.com,https://lagence-mr.com/bien/appartement-meuble-7/,Appartement meublé,70000 MRU,,ENord,Non spécifié,,,Non spécifiée,,Non spécifié,2026-02-14,Nouakchott,2,Non spécifié,Non spécifié,,5226,A louer,Non spécifié,Non spécifié,Non spécifié
lagence-mr.com,https://lagence-mr.com/bien/appartement-neuf-4/,Appartement neuf,18000 MRU,,ModuleA,Non spécifié,,,Non spécifiée,,Non spécifié,2026-02-14,Nouakchott,2,Non spécifié,Non spécifié,,5223,A louer,Non spécifié,Non spécifié,Non spécifié
lagence-mr.com,https://lagence-mr.com/bien/magnifique-complexe-dappartements/,Appartement Haut standing,60000 MRU,,FNord,Non spécifié,,,Non spécifiée,,Non spécifié,2026-02-14,Nouakchott,2,Non spécifié,Non spécifié,,5198,A louer,Non spécifié,Non spécifié,Non spécifié
lagence-mr.com,https://lagence-mr.com/bien/appartement-meuble-haut-standing/,Appartement meublé haut standing,70000 MRU,,FNord,Non spécifié,,,Non spécifiée,,Non spécifié,2026-02-14,Nouakchott,2,Non spécifié,Non spécifié,,Non spécifié,A louer,Non spécifié,Non spécifié,Non spécifié
lagence-mr.com,https://lagence-mr.com/bien/appartement-meuble-haut-standing/,Appartement meublé haut standing,70000 MRU,,FNord,Non spécifié,,,Non spécifiée,,Non spécifié,2026-02-14,Nouakchott,2,Non spécifié,Non spécifié,,5336,A louer,Non spécifié,Non spécifié,Non spécifié
lagence-mr.com,https://lagence-mr.com/bien/duplexe-meuble-a-louer/,Duplexe meublé à louer,80000 MRU,,,Non spécifié,,,Non spécifiée,,Non spécifié,2026-02-14,Nouakchott,2,Non spécifié,Non spécifié,,5256,A louer,Non spécifié,Non spécifié,Non spécifié
lagence-mr.com,https://lagence-mr.com/bien/maison-spacieuse-a-louer/,Maison spacieuse à louer,50000 MRU,,Tevragh zeina,Non spécifié,,,Non spécifiée,,Non spécifié,2026-02-14,Nouakchott,4,Non spécifié,Non spécifié,,5251,A louer,Non spécifié,Non spécifié,Non spécifié
lagence-mr.com,https://lagence-mr.com/bien/maison-a-louer-3/,Maison à louer,30000 MRU,,ModuleE,Non spécifié,,,Non spécifiée,,Non spécifié,2026-02-14,Nouakchott,2,Non spécifié,Non spécifié,,5248,A louer,Non spécifié,Non spécifié,Non spécifié
lagence-mr.com,https://lagence-mr.com/bien/maison-a-louer-2/,Maison à louer,60000 MRU,,Tevragh zeina,Non spécifié,,,Non spécifiée,,Non spécifié,2026-02-14,Nouakchott,5,Non spécifié,Non spécifié,,5239,A louer,Non spécifié,Non spécifié,Non spécifié
lagence-mr.com,https://lagence-mr.com/bien/villa-meublee-avec-piscine/,Villa meublée avec piscine,80000 MRU,,Las Palmas,Non spécifié,,,Non spécifiée,,Non spécifié,2026-02-14,Nouakchott,2,Non spécifié,Non spécifié,,5233,A louer,Non spécifié,Non spécifié,Non spécifié
lagence-mr.com,https://lagence-mr.com/bien/appartement-meuble-7/,Appartement meublé,70000 MRU,,ENord,Non spécifié,,,Non spécifiée,,Non spécifié,2026-02-14,Nouakchott,2,Non spécifié,Non spécifié,,5226,A louer,Non spécifié,Non spécifié,Non spécifié
lagence-mr.com,https://lagence-mr.com/bien/appartement-neuf-4/,Appartement neuf,18000 MRU,,ModuleA,Non spécifié,,,Non spécifiée,,Non spécifié,2026-02-14,Nouakchott,2,Non spécifié,Non spécifié,,5223,A louer,Non spécifié,Non spécifié,Non spécifié
lagence-mr.com,https://lagence-mr.com/bien/magnifique-complexe-dappartements/,Appartement Haut standing,60000 MRU,,FNord,Non spécifié,,,Non spécifiée,,Non spécifié,2026-02-14,Nouakchott,2,Non spécifié,Non spécifié,,5198,A louer,Non spécifié,Non spécifié,Non spécifié
lagence-mr.com,https://lagence-mr.com/bien/appartement-meuble-haut-standing/,Appartement meublé haut standing,70000 MRU,,FNord,Non spécifié,,,Non spécifiée,,Non spécifié,2026-02-14,Nouakchott,2,Non spécifié,Non spécifié,,Non spécifié,A louer,Non spécifié,Non spécifié,Non spécifié
lagence-mr.com,https://lagence-mr.com/bien/appartement-meuble-haut-standing/,Appartement meublé haut standing,70000 MRU,,FNord,Non spécifié,,,Non spécifiée,,Non spécifié,2026-02-14,Nouakchott,2,Non spécifié,Non spécifié,,5336,A louer,Non spécifié,Non spécifié,Non spécifié
lagence-mr.com,https://lagence-mr.com/bien/duplexe-meuble-a-louer/,Duplexe meublé à louer,80000 MRU,,,Non spécifié,,,Non spécifiée,,Non spécifié,2026-02-14,Nouakchott,2,Non spécifié,Non spécifié,,5256,A louer,Non spécifié,Non spécifié,Non spécifié
lagence-mr.com,https://lagence-mr.com/bien/maison-spacieuse-a-louer/,Maison spacieuse à louer,50000 MRU,,Tevragh zeina,Non spécifié,,,Non spécifiée,,Non spécifié,2026-02-14,Nouakchott,4,Non spécifié,Non spécifié,,5251,A louer,Non spécifié,Non spécifié,Non spécifié
lagence-mr.com,https://lagence-mr.com/bien/maison-a-louer-3/,Maison à louer,30000 MRU,,ModuleE,Non spécifié,,,Non spécifiée,,Non spécifié,2026-02-14,Nouakchott,2,Non spécifié,Non spécifié,,5248,A louer,Non spécifié,Non spécifié,Non spécifié
lagence-mr.com,https://lagence-mr.com/bien/maison-a-louer-2/,Maison à louer,60000 MRU,,Tevragh zeina,Non spécifié,,,Non spécifiée,,Non spécifié,2026-02-14,Nouakchott,5,Non spécifié,Non spécifié,,5239,A louer,Non spécifié,Non spécifié,Non spécifié
lagence-mr.com,https://lagence-mr.com/bien/villa-meublee-avec-piscine/,Villa meublée avec piscine,80000 MRU,,Las Palmas,Non spécifié,,,Non spécifiée,,Non spécifié,2026-02-14,Nouakchott,2,Non spécifié,Non spécifié,,5233,A louer,Non spécifié,Non spécifié,Non spécifié
lagence-mr.com,https://lagence-mr.com/bien/appartement-meuble-7/,Appartement meublé,70000 MRU,,ENord,Non spécifié,,,Non spécifiée,,Non spécifié,2026-02-14,Nouakchott,2,Non spécifié,Non spécifié,,5226,A louer,Non spécifié,Non spécifié,Non spécifié
lagence-mr.com,https://lagence-mr.com/bien/appartement-neuf-4/,Appartement neuf,18000 MRU,,ModuleA,Non spécifié,,,Non spécifiée,,Non spécifié,2026-02-14,Nouakchott,2,Non spécifié,Non spécifié,,5223,A louer,Non spécifié,Non spécifié,Non spécifié
lagence-mr.com,https://lagence-mr.com/bien/magnifique-complexe-dappartements/,Appartement Haut standing,60000 MRU,,FNord,Non spécifié,,,Non spécifiée,,Non spécifié,2026-02-14,Nouakchott,2,Non spécifié,Non spécifié,,5198,A louer,Non spécifié,Non spécifié,Non spécifié
lagence-mr.com,https://lagence-mr.com/bien/appartement-meuble-haut-standing/,Appartement meublé haut standing,70000 MRU,,FNord,Non spécifié,,,Non spécifiée,,Non spécifié,2026-02-14,Nouakchott,2,Non spécifié,Non spécifié,,Non spécifié,A louer,Non spécifié,Non spécifié,Non spécifié
lagence-mr.com,https://lagence-mr.com/bien/appartement-meuble-haut-standing/,Appartement meublé haut standing,70000 MRU,,FNord,Non spécifié,,,Non spécifiée,,Non spécifié,2026-02-14,Nouakchott,2,Non spécifié,Non spécifié,,5336,A louer,Non spécifié,Non spécifié,Non spécifié
lagence-mr.com,https://lagence-mr.com/bien/duplexe-meuble-a-louer/,Duplexe meublé à louer,80000 MRU,,,Non spécifié,,,Non spécifiée,,Non spécifié,2026-02-14,Nouakchott,2,Non spécifié,Non spécifié,,5256,A louer,Non spécifié,Non spécifié,Non spécifié
lagence-mr.com,https://lagence-mr.com/bien/maison-spacieuse-a-louer/,Maison spacieuse à louer,50000 MRU,,Tevragh zeina,Non spécifié,,,Non spécifiée,,Non spécifié,2026-02-14,Nouakchott,4,Non spécifié,Non spécifié,,5251,A louer,Non spécifié,Non spécifié,Non spécifié
lagence-mr.com,https://lagence-mr.com/bien/maison-a-louer-3/,Maison à louer,30000 MRU,,ModuleE,Non spécifié,,,Non spécifiée,,Non spécifié,2026-02-14,Nouakchott,2,Non spécifié,Non spécifié,,5248,A louer,Non spécifié,Non spécifié,Non spécifié
lagence-mr.com,https://lagence-mr.com/bien/maison-a-louer-2/,Maison à louer,60000 MRU,,Tevragh zeina,Non spécifié,,,Non spécifiée,,Non spécifié,2026-02-14,Nouakchott,5,Non spécifié,Non spécifié,,5239,A louer,Non spécifié,Non spécifié,Non spécifié
lagence-mr.com,https://lagence-mr.com/bien/villa-meublee-avec-piscine/,Villa meublée avec piscine,80000 MRU,,Las Palmas,Non spécifié,,,Non spécifiée,,Non spécifié,2026-02-14,Nouakchott,2,Non spécifié,Non spécifié,,5233,A louer,Non spécifié,Non spécifié,Non spécifié
lagence-mr.com,https://lagence-mr.com/bien/appartement-meuble-7/,Appartement meublé,70000 MRU,,ENord,Non spécifié,,,Non spécifiée,,Non spécifié,2026-02-14,Nouakchott,2,Non spécifié,Non spécifié,,5226,A louer,Non spécifié,Non spécifié,Non spécifié
lagence-mr.com,https://lagence-mr.com/bien/appartement-neuf-4/,Appartement neuf,18000 MRU,,ModuleA,Non spécifié,,,Non spécifiée,,Non spécifié,2026-02-14,Nouakchott,2,Non spécifié,Non spécifié,,5223,A louer,Non spécifié,Non spécifié,Non spécifié
lagence-mr.com,https://lagence-mr.com/bien/magnifique-complexe-dappartements/,Appartement Haut standing,60000 MRU,,FNord,Non spécifié,,,Non spécifiée,,Non spécifié,2026-02-14,Nouakchott,2,Non spécifié,Non spécifié,,5198,A louer,Non spécifié,Non spécifié,Non spécifié
lagence-mr.com,https://lagence-mr.com/bien/appartement-meuble-haut-standing/,Appartement meublé haut standing,70000 MRU,,FNord,Non spécifié,,,Non spécifiée,,Non spécifié,2026-02-14,Nouakchott,2,Non spécifié,Non spécifié,,Non spécifié,A louer,Non spécifié,Non spécifié,Non spécifié
lagence-mr.com,https://lagence-mr.com/bien/appartement-meuble-haut-standing/,Appartement meublé haut standing,70000 MRU,,FNord,Non spécifié,,,Non spécifiée,,Non spécifié,2026-02-14,Nouakchott,2,Non spécifié,Non spécifié,,5336,A louer,Non spécifié,Non spécifié,Non spécifié
lagence-mr.com,https://lagence-mr.com/bien/duplexe-meuble-a-louer/,Duplexe meublé à louer,80000 MRU,,,Non spécifié,,,Non spécifiée,,Non spécifié,2026-02-14,Nouakchott,2,Non spécifié,Non spécifié,,5256,A louer,Non spécifié,Non spécifié,Non spécifié
lagence-mr.com,https://lagence-mr.com/bien/maison-spacieuse-a-louer/,Maison spacieuse à louer,50000 MRU,,Tevragh zeina,Non spécifié,,,Non spécifiée,,Non spécifié,2026-02-14,Nouakchott,4,Non spécifié,Non spécifié,,5251,A louer,Non spécifié,Non spécifié,Non spécifié
lagence-mr.com,https://lagence-mr.com/bien/maison-a-louer-3/,Maison à louer,30000 MRU,,ModuleE,Non spécifié,,,Non spécifiée,,Non spécifié,2026-02-14,Nouakchott,2,Non spécifié,Non spécifié,,5248,A louer,Non spécifié,Non spécifié,Non spécifié
lagence-mr.com,https://lagence-mr.com/bien/maison-a-louer-2/,Maison à louer,60000 MRU,,Tevragh zeina,Non spécifié,,,Non spécifiée,,Non spécifié,2026-02-14,Nouakchott,5,Non spécifié,Non spécifié,,5239,A louer,Non spécifié,Non spécifié,Non spécifié
lagence-mr.com,https://lagence-mr.com/bien/villa-meublee-avec-piscine/,Villa meublée avec piscine,80000 MRU,,Las Palmas,Non spécifié,,,Non spécifiée,,Non spécifié,2026-02-14,Nouakchott,2,Non spécifié,Non spécifié,,5233,A louer,Non spécifié,Non spécifié,Non spécifié
lagence-mr.com,https://lagence-mr.com/bien/appartement-meuble-7/,Appartement meublé,70000 MRU,,ENord,Non spécifié,,,Non spécifiée,,Non spécifié,2026-02-14,Nouakchott,2,Non spécifié,Non spécifié,,5226,A louer,Non spécifié,Non spécifié,Non spécifié
lagence-mr.com,https://lagence-mr.com/bien/appartement-neuf-4/,Appartement neuf,18000 MRU,,ModuleA,Non spécifié,,,Non spécifiée,,Non spécifié,2026-02-14,Nouakchott,2,Non spécifié,Non spécifié,,5223,A louer,Non spécifié,Non spécifié,Non spécifié
lagence-mr.com,https://lagence-mr.com/bien/magnifique-complexe-dappartements/,Appartement Haut standing,60000 MRU,,FNord,Non spécifié,,,Non spécifiée,,Non spécifié,2026-02-14,Nouakchott,2,Non spécifié,Non spécifié,,5198,A louer,Non spécifié,Non spécifié,Non spécifié
lagence-mr.com,https://lagence-mr.com/bien/appartement-meuble-haut-standing/,Appartement meublé haut standing,70000 MRU,,FNord,Non spécifié,,,Non spécifiée,,Non spécifié,2026-02-14,Nouakchott,2,Non spécifié,Non spécifié,,Non spécifié,A louer,Non spécifié,Non spécifié,Non spécifié
lagence-mr.com,https://lagence-mr.com/bien/appartement-meuble-haut-standing/,Appartement meublé haut standing,70000 MRU,,FNord,Non spécifié,,,Non spécifiée,,Non spécifié,2026-02-14,Nouakchott,2,Non spécifié,Non spécifié,,5336,A louer,Non spécifié,Non spécifié,Non spécifié
lagence-mr.com,https://lagence-mr.com/bien/duplexe-meuble-a-louer/,Duplexe meublé à louer,80000 MRU,,,Non spécifié,,,Non spécifiée,,Non spécifié,2026-02-14,Nouakchott,2,Non spécifié,Non spécifié,,5256,A louer,Non spécifié,Non spécifié,Non spécifié
lagence-mr.com,https://lagence-mr.com/bien/maison-spacieuse-a-louer/,Maison spacieuse à louer,50000 MRU,,Tevragh zeina,Non spécifié,,,Non spécifiée,,Non spécifié,2026-02-14,Nouakchott,4,Non spécifié,Non spécifié,,5251,A louer,Non spécifié,Non spécifié,Non spécifié
lagence-mr.com,https://lagence-mr.com/bien/maison-a-louer-3/,Maison à louer,30000 MRU,,ModuleE,Non spécifié,,,Non spécifiée,,Non spécifié,2026-02-14,Nouakchott,2,Non spécifié,Non spécifié,,5248,A louer,Non spécifié,Non spécifié,Non spécifié
lagence-mr.com,https://lagence-mr.com/bien/maison-a-louer-2/,Maison à louer,60000 MRU,,Tevragh zeina,Non spécifié,,,Non spécifiée,,Non spécifié,2026-02-14,Nouakchott,5,Non spécifié,Non spécifié,,5239,A louer,Non spécifié,Non spécifié,Non spécifié
lagence-mr.com,https://lagence-mr.com/bien/villa-meublee-avec-piscine/,Villa meublée avec piscine,80000 MRU,,Las Palmas,Non spécifié,,,Non spécifiée,,Non spécifié,2026-02-14,Nouakchott,2,Non spécifié,Non spécifié,,5233,A louer,Non spécifié,Non spécifié,Non spécifié
lagence-mr.com,https://lagence-mr.com/bien/appartement-meuble-7/,Appartement meublé,70000 MRU,,ENord,Non spécifié,,,Non spécifiée,,Non spécifié,2026-02-14,Nouakchott,2,Non spécifié,Non spécifié,,5226,A louer,Non spécifié,Non spécifié,Non spécifié
lagence-mr.com,https://lagence-mr.com/bien/appartement-neuf-4/,Appartement neuf,18000 MRU,,ModuleA,Non spécifié,,,Non spécifiée,,Non spécifié,2026-02-14,Nouakchott,2,Non spécifié,Non spécifié,,5223,A louer,Non spécifié,Non spécifié,Non spécifié
lagence-mr.com,https://lagence-mr.com/bien/magnifique-complexe-dappartements/,Appartement Haut standing,60000 MRU,,FNord,Non spécifié,,,Non spécifiée,,Non spécifié,2026-02-14,Nouakchott,2,Non spécifié,Non spécifié,,5198,A louer,Non spécifié,Non spécifié,Non spécifié
lagence-mr.com,https://lagence-mr.com/bien/appartement-meuble-haut-standing/,Appartement meublé haut standing,70000 MRU,,FNord,Non spécifié,,,Non spécifiée,,Non spécifié,2026-02-14,Nouakchott,2,Non spécifié,Non spécifié,,Non spécifié,A louer,Non spécifié,Non spécifié,Non spécifié
lagence-mr.com,https://lagence-mr.com/bien/appartement-meuble-haut-standing/,Appartement meublé haut standing,70000 MRU,,FNord,Non spécifié,,,Non spécifiée,,Non spécifié,2026-02-14,Nouakchott,2,Non spécifié,Non spécifié,,5336,A louer,Non spécifié,Non spécifié,Non spécifié
lagence-mr.com,https://lagence-mr.com/bien/duplexe-meuble-a-louer/,Duplexe meublé à louer,80000 MRU,,,Non spécifié,,,Non spécifiée,,Non spécifié,2026-02-14,Nouakchott,2,Non spécifié,Non spécifié,,5256,A louer,Non spécifié,Non spécifié,Non spécifié
lagence-mr.com,https://lagence-mr.com/bien/maison-spacieuse-a-louer/,Maison spacieuse à louer,50000 MRU,,Tevragh zeina,Non spécifié,,,Non spécifiée,,Non spécifié,2026-02-14,Nouakchott,4,Non spécifié,Non spécifié,,5251,A louer,Non spécifié,Non spécifié,Non spécifié
lagence-mr.com,https://lagence-mr.com/bien/maison-a-louer-3/,Maison à louer,30000 MRU,,ModuleE,Non spécifié,,,Non spécifiée,,Non spécifié,2026-02-14,Nouakchott,2,Non spécifié,Non spécifié,,5248,A louer,Non spécifié,Non spécifié,Non spécifié
lagence-mr.com,https://lagence-mr.com/bien/maison-a-louer-2/,Maison à louer,60000 MRU,,Tevragh zeina,Non spécifié,,,Non spécifiée,,Non spécifié,2026-02-14,Nouakchott,5,Non spécifié,Non spécifié,,5239,A louer,Non spécifié,Non spécifié,Non spécifié
lagence-mr.com,https://lagence-mr.com/bien/villa-meublee-avec-piscine/,Villa meublée avec piscine,80000 MRU,,Las Palmas,Non spécifié,,,Non spécifiée,,Non spécifié,2026-02-14,Nouakchott,2,Non spécifié,Non spécifié,,5233,A louer,Non spécifié,Non spécifié,Non spécifié
lagence-mr.com,https://lagence-mr.com/bien/appartement-meuble-7/,Appartement meublé,70000 MRU,,ENord,Non spécifié,,,Non spécifiée,,Non spécifié,2026-02-14,Nouakchott,2,Non spécifié,Non spécifié,,5226,A louer,Non spécifié,Non spécifié,Non spécifié
lagence-mr.com,https://lagence-mr.com/bien/appartement-neuf-4/,Appartement neuf,18000 MRU,,ModuleA,Non spécifié,,,Non spécifiée,,Non spécifié,2026-02-14,Nouakchott,2,Non spécifié,Non spécifié,,5223,A louer,Non spécifié,Non spécifié,Non spécifié
lagence-mr.com,https://lagence-mr.com/bien/magnifique-complexe-dappartements/,Appartement Haut standing,60000 MRU,,FNord,Non spécifié,,,Non spécifiée,,Non spécifié,2026-02-14,Nouakchott,2,Non spécifié,Non spécifié,,5198,A louer,Non spécifié,Non spécifié,Non spécifié
lagence-mr.com,https://lagence-mr.com/bien/appartement-meuble-haut-standing/,Appartement meublé haut standing,70000 MRU,,FNord,Non spécifié,,,Non spécifiée,,Non spécifié,2026-02-14,Nouakchott,2,Non spécifié,Non spécifié,,Non spécifié,A louer,Non spécifié,Non spécifié,Non spécifié
lagence-mr.com,https://lagence-mr.com/bien/appartement-meuble-haut-standing/,Appartement meublé haut standing,70000 MRU,,FNord,Non spécifié,,,Non spécifiée,,Non spécifié,2026-02-14,Nouakchott,2,Non spécifié,Non spécifié,,5336,A louer,Non spécifié,Non spécifié,Non spécifié
lagence-mr.com,https://lagence-mr.com/bien/duplexe-meuble-a-louer/,Duplexe meublé à louer,80000 MRU,,,Non spécifié,,,Non spécifiée,,Non spécifié,2026-02-14,Nouakchott,2,Non spécifié,Non spécifié,,5256,A louer,Non spécifié,Non spécifié,Non spécifié
lagence-mr.com,https://lagence-mr.com/bien/maison-spacieuse-a-louer/,Maison spacieuse à louer,50000 MRU,,Tevragh zeina,Non spécifié,,,Non spécifiée,,Non spécifié,2026-02-14,Nouakchott,4,Non spécifié,Non spécifié,,5251,A louer,Non spécifié,Non spécifié,Non spécifié
lagence-mr.com,https://lagence-mr.com/bien/maison-a-louer-3/,Maison à louer,30000 MRU,,ModuleE,Non spécifié,,,Non spécifiée,,Non spécifié,2026-02-14,Nouakchott,2,Non spécifié,Non spécifié,,5248,A louer,Non spécifié,Non spécifié,Non spécifié
lagence-mr.com,https://lagence-mr.com/bien/maison-a-louer-2/,Maison à louer,60000 MRU,,Tevragh zeina,Non spécifié,,,Non spécifiée,,Non spécifié,2026-02-14,Nouakchott,5,Non spécifié,Non spécifié,,5239,A louer,Non spécifié,Non spécifié,Non spécifié
lagence-mr.com,https://lagence-mr.com/bien/villa-meublee-avec-piscine/,Villa meublée avec piscine,80000 MRU,,Las Palmas,Non spécifié,,,Non spécifiée,,Non spécifié,2026-02-14,Nouakchott,2,Non spécifié,Non spécifié,,5233,A louer,Non spécifié,Non spécifié,Non spécifié
lagence-mr.com,https://lagence-mr.com/bien/appartement-meuble-7/,Appartement meublé,70000 MRU,,ENord,Non spécifié,,,Non spécifiée,,Non spécifié,2026-02-14,Nouakchott,2,Non spécifié,Non spécifié,,5226,A louer,Non spécifié,Non spécifié,Non spécifié
lagence-mr.com,https://lagence-mr.com/bien/appartement-neuf-4/,Appartement neuf,18000 MRU,,ModuleA,Non spécifié,,,Non spécifiée,,Non spécifié,2026-02-14,Nouakchott,2,Non spécifié,Non spécifié,,5223,A louer,Non spécifié,Non spécifié,Non spécifié
lagence-mr.com,https://lagence-mr.com/bien/magnifique-complexe-dappartements/,Appartement Haut standing,60000 MRU,,FNord,Non spécifié,,,Non spécifiée,,Non spécifié,2026-02-14,Nouakchott,2,Non spécifié,Non spécifié,,5198,A louer,Non spécifié,Non spécifié,Non spécifié
lagence-mr.com,https://lagence-mr.com/bien/appartement-meuble-haut-standing/,Appartement meublé haut standing,70000 MRU,,FNord,Non spécifié,,,Non spécifiée,,Non spécifié,2026-02-14,Nouakchott,2,Non spécifié,Non spécifié,,Non spécifié,A louer,Non spécifié,Non spécifié,Non spécifié
lagence-mr.com,https://lagence-mr.com/bien/appartement-meuble-haut-standing/,Appartement meublé haut standing,70000 MRU,,FNord,Non spécifié,,,Non spécifiée,,Non spécifié,2026-02-14,Nouakchott,2,Non spécifié,Non spécifié,,5336,A louer,Non spécifié,Non spécifié,Non spécifié
lagence-mr.com,https://lagence-mr.com/bien/duplexe-meuble-a-louer/,Duplexe meublé à louer,80000 MRU,,,Non spécifié,,,Non spécifiée,,Non spécifié,2026-02-14,Nouakchott,2,Non spécifié,Non spécifié,,5256,A louer,Non spécifié,Non spécifié,Non spécifié
lagence-mr.com,https://lagence-mr.com/bien/maison-spacieuse-a-louer/,Maison spacieuse à louer,50000 MRU,,Tevragh zeina,Non spécifié,,,Non spécifiée,,Non spécifié,2026-02-14,Nouakchott,4,Non spécifié,Non spécifié,,5251,A louer,Non spécifié,Non spécifié,Non spécifié
lagence-mr.com,https://lagence-mr.com/bien/maison-a-louer-3/,Maison à louer,30000 MRU,,ModuleE,Non spécifié,,,Non spécifiée,,Non spécifié,2026-02-14,Nouakchott,2,Non spécifié,Non spécifié,,5248,A louer,Non spécifié,Non spécifié,Non spécifié
lagence-mr.com,https://lagence-mr.com/bien/maison-a-louer-2/,Maison à louer,60000 MRU,,Tevragh zeina,Non spécifié,,,Non spécifiée,,Non spécifié,2026-02-14,Nouakchott,5,Non spécifié,Non spécifié,,5239,A louer,Non spécifié,Non spécifié,Non spécifié
lagence-mr.com,https://lagence-mr.com/bien/villa-meublee-avec-piscine/,Villa meublée avec piscine,80000 MRU,,Las Palmas,Non spécifié,,,Non spécifiée,,Non spécifié,2026-02-14,Nouakchott,2,Non spécifié,Non spécifié,,5233,A louer,Non spécifié,Non spécifié,Non spécifié
lagence-mr.com,https://lagence-mr.com/bien/appartement-meuble-7/,Appartement meublé,70000 MRU,,ENord,Non spécifié,,,Non spécifiée,,Non spécifié,2026-02-14,Nouakchott,2,Non spécifié,Non spécifié,,5226,A louer,Non spécifié,Non spécifié,Non spécifié
lagence-mr.com,https://lagence-mr.com/bien/appartement-neuf-4/,Appartement neuf,18000 MRU,,ModuleA,Non spécifié,,,Non spécifiée,,Non spécifié,2026-02-14,Nouakchott,2,Non spécifié,Non spécifié,,5223,A louer,Non spécifié,Non spécifié,Non spécifié
lagence-mr.com,https://lagence-mr.com/bien/magnifique-complexe-dappartements/,Appartement Haut standing,60000 MRU,,FNord,Non spécifié,,,Non spécifiée,,Non spécifié,2026-02-14,Nouakchott,2,Non spécifié,Non spécifié,,5198,A louer,Non spécifié,Non spécifié,Non spécifié
lagence-mr.com,https://lagence-mr.com/bien/appartement-meuble-haut-standing/,Appartement meublé haut standing,70000 MRU,,FNord,Non spécifié,,,Non spécifiée,,Non spécifié,2026-02-14,Nouakchott,2,Non spécifié,Non spécifié,,Non spécifié,A louer,Non spécifié,Non spécifié,Non spécifié
lagence-mr.com,https://lagence-mr.com/bien/appartement-meuble-haut-standing/,Appartement meublé haut standing,70000 MRU,,FNord,Non spécifié,,,Non spécifiée,,Non spécifié,2026-02-14,Nouakchott,2,Non spécifié,Non spécifié,,5336,A louer,Non spécifié,Non spécifié,Non spécifié
lagence-mr.com,https://lagence-mr.com/bien/duplexe-meuble-a-louer/,Duplexe meublé à louer,80000 MRU,,,Non spécifié,,,Non spécifiée,,Non spécifié,2026-02-14,Nouakchott,2,Non spécifié,Non spécifié,,5256,A louer,Non spécifié,Non spécifié,Non spécifié
lagence-mr.com,https://lagence-mr.com/bien/maison-spacieuse-a-louer/,Maison spacieuse à louer,50000 MRU,,Tevragh zeina,Non spécifié,,,Non spécifiée,,Non spécifié,2026-02-14,Nouakchott,4,Non spécifié,Non spécifié,,5251,A louer,Non spécifié,Non spécifié,Non spécifié
lagence-mr.com,https://lagence-mr.com/bien/maison-a-louer-3/,Maison à louer,30000 MRU,,ModuleE,Non spécifié,,,Non spécifiée,,Non spécifié,2026-02-14,Nouakchott,2,Non spécifié,Non spécifié,,5248,A louer,Non spécifié,Non spécifié,Non spécifié
lagence-mr.com,https://lagence-mr.com/bien/maison-a-louer-2/,Maison à louer,60000 MRU,,Tevragh zeina,Non spécifié,,,Non spécifiée,,Non spécifié,2026-02-14,Nouakchott,5,Non spécifié,Non spécifié,,5239,A louer,Non spécifié,Non spécifié,Non spécifié
lagence-mr.com,https://lagence-mr.com/bien/villa-meublee-avec-piscine/,Villa meublée avec piscine,80000 MRU,,Las Palmas,Non spécifié,,,Non spécifiée,,Non spécifié,2026-02-14,Nouakchott,2,Non spécifié,Non spécifié,,5233,A louer,Non spécifié,Non spécifié,Non spécifié
lagence-mr.com,https://lagence-mr.com/bien/appartement-meuble-7/,Appartement meublé,70000 MRU,,ENord,Non spécifié,,,Non spécifiée,,Non spécifié,2026-02-14,Nouakchott,2,Non spécifié,Non spécifié,,5226,A louer,Non spécifié,Non spécifié,Non spécifié
lagence-mr.com,https://lagence-mr.com/bien/appartement-neuf-4/,Appartement neuf,18000 MRU,,ModuleA,Non spécifié,,,Non spécifiée,,Non spécifié,2026-02-14,Nouakchott,2,Non spécifié,Non spécifié,,5223,A louer,Non spécifié,Non spécifié,Non spécifié
lagence-mr.com,https://lagence-mr.com/bien/magnifique-complexe-dappartements/,Appartement Haut standing,60000 MRU,,FNord,Non spécifié,,,Non spécifiée,,Non spécifié,2026-02-14,Nouakchott,2,Non spécifié,Non spécifié,,5198,A louer,Non spécifié,Non spécifié,Non spécifié
lagence-mr.com,https://lagence-mr.com/bien/appartement-meuble-haut-standing/,Appartement meublé haut standing,70000 MRU,,FNord,Non spécifié,,,Non spécifiée,,Non spécifié,2026-02-14,Nouakchott,2,Non spécifié,Non spécifié,,Non spécifié,A louer,Non spécifié,Non spécifié,Non spécifié
lagence-mr.com,https://lagence-mr.com/bien/appartement-meuble-haut-standing/,Appartement meublé haut standing,70000 MRU,,FNord,Non spécifié,,,Non spécifiée,,Non spécifié,2026-02-14,Nouakchott,2,Non spécifié,Non spécifié,,5336,A louer,Non spécifié,Non spécifié,Non spécifié
lagence-mr.com,https://lagence-mr.com/bien/duplexe-meuble-a-louer/,Duplexe meublé à louer,80000 MRU,,,Non spécifié,,,Non spécifiée,,Non spécifié,2026-02-14,Nouakchott,2,Non spécifié,Non spécifié,,5256,A louer,Non spécifié,Non spécifié,Non spécifié
lagence-mr.com,https://lagence-mr.com/bien/maison-spacieuse-a-louer/,Maison spacieuse à louer,50000 MRU,,Tevragh zeina,Non spécifié,,,Non spécifiée,,Non spécifié,2026-02-14,Nouakchott,4,Non spécifié,Non spécifié,,5251,A louer,Non spécifié,Non spécifié,Non spécifié
lagence-mr.com,https://lagence-mr.com/bien/maison-a-louer-3/,Maison à louer,30000 MRU,,ModuleE,Non spécifié,,,Non spécifiée,,Non spécifié,2026-02-14,Nouakchott,2,Non spécifié,Non spécifié,,5248,A louer,Non spécifié,Non spécifié,Non spécifié
lagence-mr.com,https://lagence-mr.com/bien/maison-a-louer-2/,Maison à louer,60000 MRU,,Tevragh zeina,Non spécifié,,,Non spécifiée,,Non spécifié,2026-02-14,Nouakchott,5,Non spécifié,Non spécifié,,5239,A louer,Non spécifié,Non spécifié,Non spécifié
lagence-mr.com,https://lagence-mr.com/bien/villa-meublee-avec-piscine/,Villa meublée avec piscine,80000 MRU,,Las Palmas,Non spécifié,,,Non spécifiée,,Non spécifié,2026-02-14,Nouakchott,2,Non spécifié,Non spécifié,,5233,A louer,Non spécifié,Non spécifié,Non spécifié
lagence-mr.com,https://lagence-mr.com/bien/appartement-meuble-7/,Appartement meublé,70000 MRU,,ENord,Non spécifié,,,Non spécifiée,,Non spécifié,2026-02-14,Nouakchott,2,Non spécifié,Non spécifié,,5226,A louer,Non spécifié,Non spécifié,Non spécifié
lagence-mr.com,https://lagence-mr.com/bien/appartement-neuf-4/,Appartement neuf,18000 MRU,,ModuleA,Non spécifié,,,Non spécifiée,,Non spécifié,2026-02-14,Nouakchott,2,Non spécifié,Non spécifié,,5223,A louer,Non spécifié,Non spécifié,Non spécifié
lagence-mr.com,https://lagence-mr.com/bien/magnifique-complexe-dappartements/,Appartement Haut standing,60000 MRU,,FNord,Non spécifié,,,Non spécifiée,,Non spécifié,2026-02-14,Nouakchott,2,Non spécifié,Non spécifié,,5198,A louer,Non spécifié,Non spécifié,Non spécifié
afribaba.com,https://mr.afribaba.com/nouakchott/appartement-meuble-a-louer-3339.html,Appartement meuble à louer,50 000 MRO,Appartement,Non spécifié,Non spécifié,,,29 Juin 2023 - 23:28,,,2026-02-14,Nouakchott,3,Non spécifié,Non spécifié,1.0,,,,,
afribaba.com,https://mr.afribaba.com/nouakchott/superbe-duplex-a-louer-3303.html,Superbe Duplex à louer,250 000 MRO,Appartement,Non spécifié,Non spécifié,,,04 Jan 2023 - 22:12,,,2026-02-14,Nouakchott,4,Non spécifié,Non spécifié,1.0,,,,,
afribaba.com,https://mr.afribaba.com/nouakchott/appartement-meuble-3231.html,Appartement meublé,25 000 MRO,Appartement,Non spécifié,Non spécifié,,,10 Jan 2022 - 13:53,,,2026-02-14,Nouakchott,2,Non spécifié,Non spécifié,1.0,,,,,
afribaba.com,https://mr.afribaba.com/nouadhibou/location-terrain-de-4000-m2-1574.html,Location terrain de 4000 m2,Non spécifié,Terrain,Non spécifié,4000 m²,,,08 Sept 2021 - 21:56,,,2026-02-14,Nouâdhibou,Non spécifié,Non spécifié,Non spécifié,1.0,,,,,
afribaba.com,https://mr.afribaba.com/nouakchott/2-superbes-duplex-vous-attendent-3208.html,2 Superbes Duplex vous attendent,250 000 MRO,Appartement,Non spécifié,300 m²,,,20 Août 2021 - 10:52,,,2026-02-14,Nouakchott,4,Non spécifié,Non spécifié,1.0,,,,,
afribaba.com,https://mr.afribaba.com/nouakchott/terrain-a-vendre-1978.html,terrain à vendre,6 000 000 MRO,Terrain,Non spécifié,210 m²,,,19 Avril 2021 - 09:22,,,2026-02-14,Nouakchott,Non spécifié,Non spécifié,Non spécifié,1.0,,,,,
afribaba.com,https://mr.afribaba.com/nouakchott/maisons-villas-duplex-a-vendre-ventes-immobilieres-3182.html,"Maisons,villas,duplex à vendre - ventes immobiliéres",Non spécifié,Villa,Non spécifié,Non spécifié,,,06 Mars 2021 - 13:27,,,2026-02-14,Nouakchott,Non spécifié,Non spécifié,Non spécifié,1.0,,,,,
afribaba.com,https://mr.afribaba.com/nouadhibou/--3023.html,قطعة ارضية للبيع,600 000 MRO,Terrain,Non spécifié,Non spécifié,,,29 Sept 2019 - 16:07,,,2026-02-14,Nouâdhibou,Non spécifié,Non spécifié,Non spécifié,1.0,,,,,
afribaba.com,https://mr.afribaba.com/nouadhibou/avis-de-vente-2993.html,Avis de vente,Non spécifié,Villa,Non spécifié,100 m²,,,17 Juil 2019 - 17:53,,,2026-02-14,Nouâdhibou,Non spécifié,Non spécifié,Non spécifié,1.0,,,,,
afribaba.com,Non spécifié,Non spécifié,6 000 000 MRO,Appartement,Non spécifié,Non spécifié,,,Non spécifiée,,,2026-02-14,Nouakchott,4,Non spécifié,Non spécifié,1.0,,,,,
afribaba.com,https://mr.afribaba.com/nouakchott/terrain-a-vendre-2930.html,Terrain à vendre,Non spécifié,Terrain,Non spécifié,151 m²,,,30 Mars 2019 - 13:56,,,2026-02-14,Nouakchott,Non spécifié,Non spécifié,Non spécifié,2.0,,,,,
afribaba.com,https://mr.afribaba.com/nouakchott/terrain-avec-bonne-position-2766.html,Terrain avec bonne position,2 500 000 MRO,Terrain,Non spécifié,Non spécifié,,,21 Oct 2018 - 18:03,,,2026-02-14,Nouakchott,Non spécifié,Non spécifié,Non spécifié,2.0,,,,,
afribaba.com,https://mr.afribaba.com/nouakchott/tres-joli-appartement-meuble-a-louer-1362.html,Très joli appartement meublé à louer,300 000 MRO,Appartement,Non spécifié,Non spécifié,,,12 Mai 2017 - 10:52,,,2026-02-14,Nouakchott,Non spécifié,Non spécifié,Non spécifié,2.0,,,,,
afribaba.com,https://mr.afribaba.com/nouakchott/appartement-meublee--1207.html,appartement meublée,12 000 MRO,Appartement,Non spécifié,Non spécifié,,,08 Fév 2017 - 11:02,,,2026-02-14,Nouakchott,Non spécifié,Non spécifié,Non spécifié,2.0,,,,,
afribaba.com,https://mr.afribaba.com/nouakchott/vente-et-location-1958.html,vente et location,20 MRO,Villa,Non spécifié,500 m²,,,05 Déc 2016 - 14:02,,,2026-02-14,Nouakchott,Non spécifié,Non spécifié,Non spécifié,2.0,,,,,
afribaba.com,https://mr.afribaba.com/nouakchott/appartement-meuble-a-louer-a-tevrgh-zeina-1378.html,appartement meublé à louer à Tevrgh zeina,12 MRO,Appartement,Non spécifié,Non spécifié,,,23 Nov 2016 - 10:09,,,2026-02-14,Nouakchott,Non spécifié,Non spécifié,Non spécifié,2.0,,,,,
afribaba.com,https://mr.afribaba.com/nouakchott/vente-de-terrain-2095.html,vente de terrain,1 200 000 MRO,Terrain,Non spécifié,Non spécifié,,,04 Sept 2016 - 09:57,,,2026-02-14,Nouakchott,Non spécifié,Non spécifié,Non spécifié,2.0,,,,,
afribaba.com,https://mr.afribaba.com/nouakchott/boutique-a-louer-2054.html,Boutique a louer,50 000 MRO,Appartement,Non spécifié,Non spécifié,,,02 Août 2016 - 21:24,,,2026-02-14,Nouakchott,Non spécifié,Non spécifié,Non spécifié,2.0,,,,,
afribaba.com,https://mr.afribaba.com/kaedi/--2032.html,بيع قطعة أرضيةفي ولاية كيهيدي,1 000 000 MRO,Terrain,Non spécifié,Non spécifié,,,15 Juil 2016 - 14:43,,,2026-02-14,Nouakchott,Non spécifié,Non spécifié,Non spécifié,2.0,,,,,
afribaba.com,Non spécifié,Non spécifié,6 000 000 MRO,Appartement,Non spécifié,Non spécifié,,,Non spécifiée,,,2026-02-14,Nouakchott,4,Non spécifié,Non spécifié,2.0,,,,,
afribaba.com,https://mr.afribaba.com/nouakchott/studio-meuble-a-louer-1340.html,Studio meublé à louer,180 000 MRO,Studio,Non spécifié,Non spécifié,,,04 Juil 2016 - 11:16,,,2026-02-14,Nouakchott,Non spécifié,Non spécifié,Non spécifié,3.0,,,,,
afribaba.com,https://mr.afribaba.com/nouakchott/grand-appartement-meuble-a-louer-1377.html,Grand appartement meublé à louer,280 000 MRO,Appartement,Non spécifié,Non spécifié,,,09 Mars 2016 - 09:19,,,2026-02-14,Nouakchott,2,2,Non spécifié,3.0,,,,,
afribaba.com,https://mr.afribaba.com/nouakchott/--1648.html,أرض للبيع بتقسيم مطار نواكشوط القديم,1 600 000 MRO,Terrain,Non spécifié,Non spécifié,,,02 Jan 2016 - 13:46,,,2026-02-14,Nouakchott,Non spécifié,Non spécifié,Non spécifié,3.0,,,,,
afribaba.com,https://mr.afribaba.com/nouakchott/immenble-neuf-a-louer-1334.html,immenble neuf à louer,3 800 000 MRO,Appartement,Non spécifié,Non spécifié,,,19 Sept 2015 - 19:33,,,2026-02-14,Nouakchott,9,Non spécifié,Non spécifié,3.0,,,,,
afribaba.com,https://mr.afribaba.com/nouakchott/super-appartement-meublee-a-louer-1019.html,SUPER APPARTEMENT MEUBLEE A LOUER,150 000 MRO,Appartement,Non spécifié,Non spécifié,,,21 Août 2015 - 18:40,,,2026-02-14,Nouakchott,Non spécifié,Non spécifié,Non spécifié,3.0,,,,,
afribaba.com,Non spécifié,Non spécifié,6 000 000 MRO,Appartement,Non spécifié,Non spécifié,,,Non spécifiée,,,2026-02-14,Nouakchott,4,Non spécifié,Non spécifié,3.0,,,,,
mauri-home.com,Non spécifié,Belle Villa avec Étage et Jardin dans Quartier Résidentiel Sécurisé,80000 MRU,,Ilot B,1104 m²,,,Non spécifiée,,https://wsrv.nl/?url=https%3A%2F%2Fkbdfnmbqgilwqxabcwdp.supabase.co%2Fstorage%2Fv1%2Fobject%2Fpublic%2Flisting-photos%2F1770931627603-afk21v.jpg&w=500&q=85&output=webp,2026-02-14,Nouakchott,4,4,,,,Location,,,
mauri-home.com,Non spécifié,Appartements T2 entièrement équipés.,63000 MRU,,Ilot F Nord,Non spécifié,,,Non spécifiée,,https://wsrv.nl/?url=https%3A%2F%2Flagence-mr.com%2Fwp-content%2Fuploads%2F2024%2F02%2F1-1.jpg&w=500&q=85&output=webp,2026-02-14,Nouakchott,1,1,,,,Location,,,
mauri-home.com,Non spécifié,Studio à louer,18000 MRU,,Ilot F Nord,Non spécifié,,,Non spécifiée,,https://wsrv.nl/?url=https%3A%2F%2Flagence-mr.com%2Fwp-content%2Fuploads%2F2024%2F01%2F01-1.png&w=500&q=85&output=webp,2026-02-14,Nouakchott,1,1,,,,Location,,,
mauri-home.com,Non spécifié,Duplex neuf meublé,45000 MRU,,Ilot F Nord,Non spécifié,,,Non spécifiée,,https://wsrv.nl/?url=https%3A%2F%2Flagence-mr.com%2Fwp-content%2Fuploads%2F2023%2F12%2F76EF601E-0C73-4EE1-B010-19A2BBD7EBA7.jpeg&w=500&q=85&output=webp,2026-02-14,Nouakchott,2,3,,,,Location,,,
mauri-home.com,Non spécifié,Maison à louer,30000 MRU,,Ilot F Nord,Non spécifié,,,Non spécifiée,,https://wsrv.nl/?url=https%3A%2F%2Flagence-mr.com%2Fwp-content%2Fuploads%2F2025%2F05%2FCapture-decran-2025-05-26-a-10.55.01.png&w=500&q=85&output=webp,2026-02-14,Nouakchott,2,2,,,,Location,,,
mauri-home.com,Non spécifié,Appartement neuf,20000 MRU,,Ilot F Nord,100 m²,,,Non spécifiée,,https://wsrv.nl/?url=https%3A%2F%2Flagence-mr.com%2Fwp-content%2Fuploads%2F2023%2F12%2F32BE618E-8DE3-4033-909E-51005EE74B3E.jpeg&w=500&q=85&output=webp,2026-02-14,Nouakchott,2,3,,,,Location,,,
mauri-home.com,Non spécifié,Résidence exclusive,320000 MRU,,Ilot F Nord,1400 m²,,,Non spécifiée,,https://wsrv.nl/?url=https%3A%2F%2Flagence-mr.com%2Fwp-content%2Fuploads%2F2023%2F11%2F072D581B-A853-4837-B151-6980581CF512.jpeg&w=500&q=85&output=webp,2026-02-14,Nouakchott,2,9,,,,Location,,,
mauri-home.com,Non spécifié,Charmante maison,29000 MRU,,Ilot F Nord,Non spécifié,,,Non spécifiée,,https://wsrv.nl/?url=https%3A%2F%2Flagence-mr.com%2Fwp-content%2Fuploads%2F2025%2F05%2FIMG_8103.jpeg&w=500&q=85&output=webp,2026-02-14,Nouakchott,3,4,,,,Location,,,
mauri-home.com,Non spécifié,Duplex meublé,92000 MRU,,Ilot F Nord,Non spécifié,,,Non spécifiée,,https://wsrv.nl/?url=https%3A%2F%2Flagence-mr.com%2Fwp-content%2Fuploads%2F2024%2F01%2F79BE469F-83C3-4A6D-A497-28A44EF005A9.jpeg&w=500&q=85&output=webp,2026-02-14,Nouakchott,3,3,,,,Location,,,
mauri-home.com,Non spécifié,Appartement meublé haut standing,70000 MRU,,Ilot F Nord,Non spécifié,,,Non spécifiée,,https://wsrv.nl/?url=https%3A%2F%2Flagence-mr.com%2Fwp-content%2Fuploads%2F2025%2F07%2FPicture-86066927-1.jpg&w=500&q=85&output=webp,2026-02-14,Nouakchott,2,2,,,,Location,,,
mauri-home.com,Non spécifié,Splendide Villa a louer,160000 MRU,,Ilot F Nord,400 m²,,,Non spécifiée,,https://wsrv.nl/?url=https%3A%2F%2Flagence-mr.com%2Fwp-content%2Fuploads%2F2024%2F02%2F17.png&w=500&q=85&output=webp,2026-02-14,Nouakchott,3,4,,,,Location,,,
mauri-home.com,Non spécifié,Villa avec piscine,120000 MRU,,Ilot F Nord,Non spécifié,,,Non spécifiée,,https://wsrv.nl/?url=https%3A%2F%2Flagence-mr.com%2Fwp-content%2Fuploads%2F2023%2F11%2F7463C22D-44BA-48C5-8FB1-DDCBE4A19800.jpeg&w=500&q=85&output=webp,2026-02-14,Nouakchott,3,3,,,,Location,,,
mauri-home.com,Non spécifié,Villa d'exception,30000 MRU,,Ilot F Nord,1400 m²,,,Non spécifiée,,https://wsrv.nl/?url=https%3A%2F%2Flagence-mr.com%2Fwp-content%2Fuploads%2F2023%2F11%2FBD646042-95D3-406F-ACBF-7E115C44D7F1.jpeg&w=500&q=85&output=webp,2026-02-14,Nouakchott,6,6,,,,Location,,,
mauri-home.com,Non spécifié,Magnifique Villa meublée,120000 MRU,,Ilot F Nord,800 m²,,,Non spécifiée,,https://wsrv.nl/?url=https%3A%2F%2Flagence-mr.com%2Fwp-content%2Fuploads%2F2023%2F12%2FIMG_7788.jpg&w=500&q=85&output=webp,2026-02-14,Nouakchott,2,5,,,,Location,,,
mauri-home.com,Non spécifié,Villa meublée avec piscine,80000 MRU,,Ilot F Nord,Non spécifié,,,Non spécifiée,,https://wsrv.nl/?url=https%3A%2F%2Flagence-mr.com%2Fwp-content%2Fuploads%2F2025%2F05%2FCapture-decran-2025-05-15-a-12.57.16.png&w=500&q=85&output=webp,2026-02-14,Nouakchott,2,3,,,,Location,,,
mauri-home.com,Non spécifié,Superbe maison à louer,100000 MRU,,Ilot F Nord,400 m²,,,Non spécifiée,,https://wsrv.nl/?url=https%3A%2F%2Flagence-mr.com%2Fwp-content%2Fuploads%2F2024%2F02%2F17.jpg&w=500&q=85&output=webp,2026-02-14,Nouakchott,3,3,,,,Location,,,
mauri-home.com,Non spécifié,Maison Meublée,90000 MRU,,Ilot F Nord,Non spécifié,,,Non spécifiée,,https://wsrv.nl/?url=https%3A%2F%2Flagence-mr.com%2Fwp-content%2Fuploads%2F2024%2F01%2F4.jpg&w=500&q=85&output=webp,2026-02-14,Nouakchott,3,2,,,,Location,,,
mauri-home.com,Non spécifié,Immeuble R+2,300000 MRU,,Ilot F Nord,580 m²,,,Non spécifiée,,https://wsrv.nl/?url=https%3A%2F%2Flagence-mr.com%2Fwp-content%2Fuploads%2F2023%2F12%2FIMG_8014.jpg&w=500&q=85&output=webp,2026-02-14,Nouakchott,2,10,,,,Location,,,
mauri-home.com,Non spécifié,Appartement meublé,70000 MRU,,Ilot F Nord,Non spécifié,,,Non spécifiée,,https://wsrv.nl/?url=https%3A%2F%2Flagence-mr.com%2Fwp-content%2Fuploads%2F2025%2F05%2FCapture-decran-2025-05-15-a-12.46.10.png&w=500&q=85&output=webp,2026-02-14,Nouakchott,2,2,,,,Location,,,
mauri-home.com,Non spécifié,Appartement neuf meublé,35000 MRU,,Ilot F Nord,150 m²,,,Non spécifiée,,https://wsrv.nl/?url=https%3A%2F%2Flagence-mr.com%2Fwp-content%2Fuploads%2F2023%2F12%2F02277245-17CB-4085-BA41-9019CEBEE3E7.jpeg&w=500&q=85&output=webp,2026-02-14,Nouakchott,2,2,,,,Location,,,
mauri-home.com,Non spécifié,Appartement meublé,37000 MRU,,Ilot F Nord,70 m²,,,Non spécifiée,,https://wsrv.nl/?url=https%3A%2F%2Flagence-mr.com%2Fwp-content%2Fuploads%2F2024%2F01%2F052D38C8-71E5-4206-A313-32836FC17CF3.jpeg&w=500&q=85&output=webp,2026-02-14,Nouakchott,1,2,,,,Location,,,
mauri-home.com,Non spécifié,Appartement à E-Nord,21000 MRU,,Ilot F Nord,Non spécifié,,,Non spécifiée,,https://wsrv.nl/?url=https%3A%2F%2Flagence-mr.com%2Fwp-content%2Fuploads%2F2023%2F11%2FD0AF01D2-F534-40CD-9E90-508379C4D8FC.jpg&w=500&q=85&output=webp,2026-02-14,Nouakchott,2,2,,,,Location,,,
mauri-home.com,Non spécifié,Villa meublée avec piscine,85000 MRU,,Ilot F Nord,Non spécifié,,,Non spécifiée,,https://wsrv.nl/?url=https%3A%2F%2Flagence-mr.com%2Fwp-content%2Fuploads%2F2024%2F02%2F11-1.png&w=500&q=85&output=webp,2026-02-14,Nouakchott,3,6,,,,Location,,,
mauri-home.com,Non spécifié,Studio meublé,37000 MRU,,Ilot F Nord,60 m²,,,Non spécifiée,,https://wsrv.nl/?url=https%3A%2F%2Flagence-mr.com%2Fwp-content%2Fuploads%2F2024%2F01%2F6E1AA7C3-4CEF-4EEA-B006-D818598B3724.jpeg&w=500&q=85&output=webp,2026-02-14,Nouakchott,1,2,,,,Location,,,
mauri-home.com,Non spécifié,Appartement neuf,18000 MRU,,Ilot F Nord,Non spécifié,,,Non spécifiée,,https://wsrv.nl/?url=https%3A%2F%2Flagence-mr.com%2Fwp-content%2Fuploads%2F2025%2F05%2FCapture-decran-2025-05-15-a-12.32.33.png&w=500&q=85&output=webp,2026-02-14,Nouakchott,2,1,,,,Location,,,
mauri-home.com,Non spécifié,Résidence à louer,130000 MRU,,Ilot F Nord,600 m²,,,Non spécifiée,,https://wsrv.nl/?url=https%3A%2F%2Flagence-mr.com%2Fwp-content%2Fuploads%2F2024%2F01%2F5.png&w=500&q=85&output=webp,2026-02-14,Nouakchott,2,12,,,,Location,,,
mauri-home.com,Non spécifié,Duplex meublé,92000 MRU,,Ilot F Nord,Non spécifié,,,Non spécifiée,,https://wsrv.nl/?url=https%3A%2F%2Flagence-mr.com%2Fwp-content%2Fuploads%2F2024%2F01%2F6C80A2D5-D5A0-42E2-B9A9-CE83AFCEE367.jpeg&w=500&q=85&output=webp,2026-02-14,Nouakchott,3,3,,,,Location,,,
mauri-home.com,Non spécifié,Duplex meublé neuf,45000 MRU,,Ilot F Nord,Non spécifié,,,Non spécifiée,,https://wsrv.nl/?url=https%3A%2F%2Flagence-mr.com%2Fwp-content%2Fuploads%2F2023%2F12%2FAB45BA04-0004-464B-B7E3-D6765A039F0C.jpeg&w=500&q=85&output=webp,2026-02-14,Nouakchott,2,3,,,,Location,,,
mauri-home.com,Non spécifié,Maison spacieuse à louer,50000 MRU,,Ilot F Nord,Non spécifié,,,Non spécifiée,,https://wsrv.nl/?url=https%3A%2F%2Flagence-mr.com%2Fwp-content%2Fuploads%2F2025%2F05%2FCapture-decran-2025-05-26-a-11.19.31.png&w=500&q=85&output=webp,2026-02-14,Nouakchott,4,2,,,,Location,,,
mauri-home.com,Non spécifié,Villa meublée,60000 MRU,,Ilot F Nord,Non spécifié,,,Non spécifiée,,https://wsrv.nl/?url=https%3A%2F%2Flagence-mr.com%2Fwp-content%2Fuploads%2F2024%2F01%2F233C63FF-59B5-4856-802D-2F7EC67BD13B.jpeg&w=500&q=85&output=webp,2026-02-14,Nouakchott,3,4,,,,Location,,,
mauri-home.com,Non spécifié,"Duplex Meublé, Route de Nouadhibou",30000 MRU,,Ilot F Nord,Non spécifié,,,Non spécifiée,,https://wsrv.nl/?url=https%3A%2F%2Flagence-mr.com%2Fwp-content%2Fuploads%2F2024%2F01%2F09-1.png&w=500&q=85&output=webp,2026-02-14,Nouakchott,3,4,,,,Location,,,
mauri-home.com,Non spécifié,Appartement meublé,35000 MRU,,Ilot F Nord,Non spécifié,,,Non spécifiée,,https://wsrv.nl/?url=https%3A%2F%2Flagence-mr.com%2Fwp-content%2Fuploads%2F2023%2F11%2F719A84D0-0080-4D22-A604-678797A3B942.jpeg&w=500&q=85&output=webp,2026-02-14,Nouakchott,2,2,,,,Location,,,
mauri-home.com,Non spécifié,Résidence d'appartements meublés,30000 MRU,,Ilot F Nord,Non spécifié,,,Non spécifiée,,https://wsrv.nl/?url=https%3A%2F%2Flagence-mr.com%2Fwp-content%2Fuploads%2F2023%2F12%2F87D91E2C-70D5-48A4-A367-58A672016816.jpeg&w=500&q=85&output=webp,2026-02-14,Nouakchott,2,18,,,,Location,,,
mauri-home.com,Non spécifié,Maison à louer,60000 MRU,,Ilot F Nord,Non spécifié,,,Non spécifiée,,https://wsrv.nl/?url=https%3A%2F%2Flagence-mr.com%2Fwp-content%2Fuploads%2F2025%2F05%2FCapture-decran-2025-05-26-a-10.46.29.png&w=500&q=85&output=webp,2026-02-14,Nouakchott,5,2,,,,Location,,,
mauri-home.com,Non spécifié,Duplexe meublé à louer,80000 MRU,,Ilot F Nord,Non spécifié,,,Non spécifiée,,https://wsrv.nl/?url=https%3A%2F%2Flagence-mr.com%2Fwp-content%2Fuploads%2F2025%2F05%2FCapture-decran-2025-05-26-a-11.45.44.png&w=500&q=85&output=webp,2026-02-14,Nouakchott,2,2,,,,Location,,,
mauri-home.com,Non spécifié,Duplex meublé,92000 MRU,,Ilot F Nord,Non spécifié,,,Non spécifiée,,https://wsrv.nl/?url=https%3A%2F%2Flagence-mr.com%2Fwp-content%2Fuploads%2F2024%2F01%2F52FCBB5B-3765-44D2-BC2C-CACDE6DE5F0F.jpeg&w=500&q=85&output=webp,2026-02-14,Nouakchott,3,3,,,,Location,,,
mauri-home.com,Non spécifié,Propriété d'exception,30000 MRU,,Ilot F Nord,Non spécifié,,,Non spécifiée,,https://wsrv.nl/?url=https%3A%2F%2Flagence-mr.com%2Fwp-content%2Fuploads%2F2024%2F01%2FIMG_9975.jpg&w=500&q=85&output=webp,2026-02-14,Nouakchott,2,10,,,,Location,,,
mauri-home.com,Non spécifié,Appartement Haut standing,60000 MRU,,Ilot F Nord,Non spécifié,,,Non spécifiée,,https://wsrv.nl/?url=https%3A%2F%2Flagence-mr.com%2Fwp-content%2Fuploads%2F2025%2F05%2FCapture-decran-2025-05-15-a-10.32.57.png&w=500&q=85&output=webp,2026-02-14,Nouakchott,2,2,,,,Location,,,
mauri-home.com,Non spécifié,Appartement neuf à louer,90000 MRU,,Ilot F Nord,300 m²,,,Non spécifiée,,https://wsrv.nl/?url=https%3A%2F%2Flagence-mr.com%2Fwp-content%2Fuploads%2F2024%2F03%2F10.jpg&w=500&q=85&output=webp,2026-02-14,Nouakchott,2,3,,,,Location,,,
mauri-home.com,Non spécifié,Maison neuve,60000 MRU,,Ilot F Nord,Non spécifié,,,Non spécifiée,,https://wsrv.nl/?url=https%3A%2F%2Flagence-mr.com%2Fwp-content%2Fuploads%2F2023%2F12%2F29C3DA5E-2EB8-4B53-9EA1-8412E0CF485A.jpeg&w=500&q=85&output=webp,2026-02-14,Nouakchott,4,4,,,,Location,,,
mauri-home.com,Non spécifié,Duplex meublé neuf,45000 MRU,,Ilot F Nord,Non spécifié,,,Non spécifiée,,https://wsrv.nl/?url=https%3A%2F%2Flagence-mr.com%2Fwp-content%2Fuploads%2F2023%2F11%2FC02270A6-893E-4D7F-B51C-1502AC4B1D62.png&w=500&q=85&output=webp,2026-02-14,Nouakchott,2,3,,,,Location,,,
mauri-home.com,Non spécifié,Appartement résidentiel,20000 MRU,,Ilot F Nord,Non spécifié,,,Non spécifiée,,https://wsrv.nl/?url=https%3A%2F%2Flagence-mr.com%2Fwp-content%2Fuploads%2F2024%2F01%2F2-1.jpg&w=500&q=85&output=webp,2026-02-14,Nouakchott,2,2,,,,Location,,,
mauri-home.com,Non spécifié,Duplex meublé,45000 MRU,,Ilot F Nord,Non spécifié,,,Non spécifiée,,https://wsrv.nl/?url=https%3A%2F%2Flagence-mr.com%2Fwp-content%2Fuploads%2F2023%2F12%2F77D4D9F0-7953-4741-B9BD-862BB730FFA6.jpeg&w=500&q=85&output=webp,2026-02-14,Nouakchott,2,3,,,,Location,,,
mauri-home.com,Non spécifié,Maison zone des Ambassades,40000 MRU,,Ilot F Nord,Non spécifié,,,Non spécifiée,,https://wsrv.nl/?url=https%3A%2F%2Flagence-mr.com%2Fwp-content%2Fuploads%2F2023%2F12%2FIMG_6830.jpg&w=500&q=85&output=webp,2026-02-14,Nouakchott,3,4,,,,Location,,,
mauri-home.com,Non spécifié,Villa neuve avec piscine,150000 MRU,,Ilot F Nord,Non spécifié,,,Non spécifiée,,https://wsrv.nl/?url=https%3A%2F%2Flagence-mr.com%2Fwp-content%2Fuploads%2F2023%2F11%2FE72AFC4E-A65A-48BF-A8CA-D9FD5CA8569A.jpeg&w=500&q=85&output=webp,2026-02-14,Nouakchott,4,4,,,,Location,,,
mauri-home.com,Non spécifié,Chambre à loué dans un appartement vers hotel EMIRA,3000 MRU,,Tevragh Zeina,Non spécifié,,,Non spécifiée,,https://wsrv.nl/?url=https%3A%2F%2Funtoitenrim.com%2Fimages%2Fannonces%2F68b1bc99ed4b0_main.PNG&w=500&q=85&output=webp,2026-02-14,Nouakchott,1,1,,,,Location,,,
mauri-home.com,Non spécifié,فرصة ديبلكس للأجار قرب مصحة بن سينا,25000 MRU,,Tevragh Zeina,Non spécifié,,,Non spécifiée,,https://wsrv.nl/?url=https%3A%2F%2Fvoursa-prod.s3.amazonaws.com%2Fimages%2F1769880765462_1000405566.jpg&w=500&q=85&output=webp,2026-02-14,Nouakchott,7,4,,,,Location,,,
mauri-home.com,Non spécifié,شقق سكنية للأجار,38000 MRU,,Tevragh Zeina,Non spécifié,,,Non spécifiée,,https://wsrv.nl/?url=https%3A%2F%2Fvoursa-prod.s3.amazonaws.com%2Fimages%2F1769781679019_IMG_3900.jpeg&w=500&q=85&output=webp,2026-02-14,Nouakchott,1,1,,,,Location,,,
mauri-home.com,Non spécifié,STUDIO A LOUER,8000 MRU,,Tevragh Zeina,Non spécifié,,,Non spécifiée,,https://wsrv.nl/?url=https%3A%2F%2Funtoitenrim.com%2Fimages%2Fannonces%2F689caaa09998f_main.jpeg&w=500&q=85&output=webp,2026-02-14,Nouakchott,1,1,,,,Location,,,
mauri-home.com,Non spécifié,أبرتماه للإيجار في الصكوك أجديد مافات أندخل,12000 MRU,,Tevragh Zeina,Non spécifié,,,Non spécifiée,,https://wsrv.nl/?url=https%3A%2F%2Fvoursa-prod.s3.amazonaws.com%2Fimages%2F1769856377507_1000406062.jpg&w=500&q=85&output=webp,2026-02-14,Nouakchott,2,2,,,,Location,,,
mauri-home.com,Non spécifié,شقة للأجار قرب طريق نواذيب فاتح عل كدروه,18000 MRU,,Tevragh Zeina,Non spécifié,,,Non spécifiée,,https://wsrv.nl/?url=https%3A%2F%2Fvoursa-prod.s3.amazonaws.com%2Fimages%2F1769856472231_1000405328.jpg&w=500&q=85&output=webp,2026-02-14,Nouakchott,3,2,,,,Location,,,
mauri-home.com,Non spécifié,NOUVELLE MAISON EN VENTE - ETAGE R+1,18000000 MRU,,Tevragh Zeina,300 m²,,,Non spécifiée,,https://wsrv.nl/?url=https%3A%2F%2Funtoitenrim.com%2Fimages%2Fannonces%2F688034656e685_main.jpg&w=500&q=85&output=webp,2026-02-14,Nouakchott,2,1,,,,Location,,,
mauri-home.com,Non spécifié,STUDIO A LOUER,4500 MRU,,Tevragh Zeina,Non spécifié,,,Non spécifiée,,https://wsrv.nl/?url=https%3A%2F%2Funtoitenrim.com%2Fimages%2Fannonces%2F689ca894cdc32_main.jpeg&w=500&q=85&output=webp,2026-02-14,Nouakchott,1,1,,,,Location,,,
mauri-home.com,Non spécifié,Appartement à louer à Cité Plage,10000 MRU,,Cité Plage,Non spécifié,,,Non spécifiée,,https://wsrv.nl/?url=https%3A%2F%2Funtoitenrim.com%2Fimages%2Fannonces%2F68f2bd40a59f7_main.png&w=500&q=85&output=webp,2026-02-14,Nouakchott,2,1,,,,Location,,,
mauri-home.com,Non spécifié,Appartement à louer à Cité Plage,20000 MRU,,Cité Plage,Non spécifié,,,Non spécifiée,,https://wsrv.nl/?url=https%3A%2F%2Funtoitenrim.com%2Fimages%2Fannonces%2F68f2bc64953a7_main.png&w=500&q=85&output=webp,2026-02-14,Nouakchott,4,1,,,,Location,,,
mauri-home.com,Non spécifié,MAGASIN A LOUER,5000 MRU,,Tevragh Zeina,Non spécifié,,,Non spécifiée,,https://wsrv.nl/?url=https%3A%2F%2Funtoitenrim.com%2Fimages%2Fannonces%2F68c415f7e2d2b_main.png&w=500&q=85&output=webp,2026-02-14,Nouakchott,1,1,,,,Location,,,
mauri-home.com,Non spécifié,ETAGE EN VENTE,3500000 MRU,,Tevragh Zeina,300 m²,,,Non spécifiée,,https://wsrv.nl/?url=https%3A%2F%2Funtoitenrim.com%2Fimages%2Fannonces%2F68c41023a89ba_main.jpg&w=500&q=85&output=webp,2026-02-14,Nouakchott,3,1,,,,Location,,,
mauri-home.com,Non spécifié,VILLA DUPLEX A LOUER,45000 MRU,,Tevragh Zeina,Non spécifié,,,Non spécifiée,,https://wsrv.nl/?url=https%3A%2F%2Funtoitenrim.com%2Fimages%2Fannonces%2F689a74930ce61_main.jpeg&w=500&q=85&output=webp,2026-02-14,Nouakchott,2,1,,,,Location,,,
mauri-home.com,Non spécifié,VILLA DUPLEX MEUBLEE A LOUER,150000 MRU,,Tevragh Zeina,Non spécifié,,,Non spécifiée,,https://wsrv.nl/?url=https%3A%2F%2Funtoitenrim.com%2Fimages%2Fannonces%2F6875ac595f39b_main.jpeg&w=500&q=85&output=webp,2026-02-14,Nouakchott,1,1,,,,Location,,,
mauri-home.com,Non spécifié,VILLA DUPLEX A LOUER,40000 MRU,,Tevragh Zeina,Non spécifié,,,Non spécifiée,,https://wsrv.nl/?url=https%3A%2F%2Funtoitenrim.com%2Fimages%2Fannonces%2F689a4bebbb96e_main.jpeg&w=500&q=85&output=webp,2026-02-14,Nouakchott,5,1,,,,Location,,,
mauri-home.com,Non spécifié,للإيجار للمؤسسات,60000 MRU,,Tevragh Zeina,Non spécifié,,,Non spécifiée,,https://wsrv.nl/?url=https%3A%2F%2Fvoursa-prod.s3.amazonaws.com%2Fimages%2F1770578345845_1000292793.jpg&w=500&q=85&output=webp,2026-02-14,Nouakchott,1,1,,,,Location,,,
mauri-home.com,Non spécifié,APPARTEMENT MEUBLE A LOUER,4000 MRU,,Tevragh Zeina,Non spécifié,,,Non spécifiée,,https://wsrv.nl/?url=https%3A%2F%2Funtoitenrim.com%2Fimages%2Fannonces%2F68802e4822758_main.jpg&w=500&q=85&output=webp,2026-02-14,Nouakchott,1,1,,,,Location,,,
mauri-home.com,Non spécifié,VILLA DUPLEX A LOUER,180000 MRU,,Tevragh Zeina,Non spécifié,,,Non spécifiée,,https://wsrv.nl/?url=https%3A%2F%2Funtoitenrim.com%2Fimages%2Fannonces%2F68633f828939f_main.jpg&w=500&q=85&output=webp,2026-02-14,Nouakchott,4,1,,,,Location,,,
mauri-home.com,Non spécifié,VILLA DUPLEX MEUBLEE A LOUER,70000 MRU,,Tevragh Zeina,Non spécifié,,,Non spécifiée,,https://wsrv.nl/?url=https%3A%2F%2Funtoitenrim.com%2Fimages%2Fannonces%2F6875afb1cf46f_main.jpeg&w=500&q=85&output=webp,2026-02-14,Nouakchott,3,1,,,,Location,,,
mauri-home.com,Non spécifié,VILLA DUPLEX MEUBLEE A LOUER,200000 MRU,,Tevragh Zeina,Non spécifié,,,Non spécifiée,,https://wsrv.nl/?url=https%3A%2F%2Funtoitenrim.com%2Fimages%2Fannonces%2F68633ce6d8bca_main.jpg&w=500&q=85&output=webp,2026-02-14,Nouakchott,6,1,,,,Location,,,
mauri-home.com,Non spécifié,MAISON EN VENTE AVEC TITRE FONCIER,5600000 MRU,,Tevragh Zeina,Non spécifié,,,Non spécifiée,,https://wsrv.nl/?url=https%3A%2F%2Funtoitenrim.com%2Fimages%2Fannonces%2F6866c219557ae_main.jpeg&w=500&q=85&output=webp,2026-02-14,Nouakchott,1,1,,,,Location,,,
mauri-home.com,Non spécifié,VILLA DUPLEX A LOUER,150000 MRU,,Tevragh Zeina,Non spécifié,,,Non spécifiée,,https://wsrv.nl/?url=https%3A%2F%2Funtoitenrim.com%2Fimages%2Fannonces%2F68633f1b82f8a_main.jpg&w=500&q=85&output=webp,2026-02-14,Nouakchott,4,1,,,,Location,,,
mauri-home.com,Non spécifié,APPARTEMENT MEUBLE A LOUER,40000 MRU,,Tevragh Zeina,Non spécifié,,,Non spécifiée,,https://wsrv.nl/?url=https%3A%2F%2Funtoitenrim.com%2Fimages%2Fannonces%2F6861d2c8ccc0d_main.jpeg&w=500&q=85&output=webp,2026-02-14,Nouakchott,1,1,,,,Location,,,
mauri-home.com,Non spécifié,GRANDE VILLA TRIPLEX A LOUER,150000 MRU,,Tevragh Zeina,Non spécifié,,,Non spécifiée,,https://wsrv.nl/?url=https%3A%2F%2Funtoitenrim.com%2Fimages%2Fannonces%2F68687a6b19e9c_main.jpg&w=500&q=85&output=webp,2026-02-14,Nouakchott,1,1,,,,Location,,,
mauri-home.com,Non spécifié,DUPLEX 4 PIECES A LOUER,20000 MRU,,Tevragh Zeina,Non spécifié,,,Non spécifiée,,https://wsrv.nl/?url=https%3A%2F%2Funtoitenrim.com%2Fimages%2Fannonces%2F6861c69704d49_main.jpeg&w=500&q=85&output=webp,2026-02-14,Nouakchott,3,1,,,,Location,,,
mauri-home.com,Non spécifié,VILLA DUPLEX 5 PIECES AVEC PISCINE A LOUER,80000 MRU,,Tevragh Zeina,Non spécifié,,,Non spécifiée,,https://wsrv.nl/?url=https%3A%2F%2Funtoitenrim.com%2Fimages%2Fannonces%2F686463f07c404_main.jpg&w=500&q=85&output=webp,2026-02-14,Nouakchott,1,1,,,,Location,,,
mauri-home.com,Non spécifié,APPARTEMENTS MEUBLES A LOUER,65000 MRU,,Tevragh Zeina,Non spécifié,,,Non spécifiée,,https://wsrv.nl/?url=https%3A%2F%2Funtoitenrim.com%2Fimages%2Fannonces%2F6861e2f786ca5_main.jpeg&w=500&q=85&output=webp,2026-02-14,Nouakchott,2,1,,,,Location,,,
mauri-home.com,Non spécifié,APPARTEMENTS MEUBLES A LOUER,45000 MRU,,Tevragh Zeina,Non spécifié,,,Non spécifiée,,https://wsrv.nl/?url=https%3A%2F%2Funtoitenrim.com%2Fimages%2Fannonces%2F6861cf74b8240_main.jpeg&w=500&q=85&output=webp,2026-02-14,Nouakchott,2,1,,,,Location,,,
mauri-home.com,Non spécifié,فيه دار لأجار قرب ديار تاتا  كبير مناسب للمكاتب,40000 MRU,,Tevragh Zeina,Non spécifié,,,Non spécifiée,,https://wsrv.nl/?url=https%3A%2F%2Fvoursa-prod.s3.amazonaws.com%2Fimages%2F1770458775290_1000409649.jpg&w=500&q=85&output=webp,2026-02-14,Nouakchott,12,7,,,,Location,,,
mauri-home.com,Non spécifié,VILLA A LOUER,16000 MRU,,Tevragh Zeina,Non spécifié,,,Non spécifiée,,https://wsrv.nl/?url=https%3A%2F%2Funtoitenrim.com%2Fimages%2Fannonces%2F68937e1268690_main.jpeg&w=500&q=85&output=webp,2026-02-14,Nouakchott,2,1,,,,Location,,,
mauri-home.com,Non spécifié,VILLA TRIPLEX 13 PIECES AVEC PISCINE A LOUER,150000 MRU,,Tevragh Zeina,Non spécifié,,,Non spécifiée,,https://wsrv.nl/?url=https%3A%2F%2Funtoitenrim.com%2Fimages%2Fannonces%2F6864292fb3681_main.jpg&w=500&q=85&output=webp,2026-02-14,Nouakchott,11,1,,,,Location,,,
mauri-home.com,Non spécifié,STUDIO MEUBLE A LOUER,45000 MRU,,Tevragh Zeina,Non spécifié,,,Non spécifiée,,https://wsrv.nl/?url=https%3A%2F%2Funtoitenrim.com%2Fimages%2Fannonces%2F6861e26028a9f_main.jpeg&w=500&q=85&output=webp,2026-02-14,Nouakchott,1,1,,,,Location,,,
mauri-home.com,Non spécifié,APPARTEMENT A LOUER,15000 MRU,,Tevragh Zeina,Non spécifié,,,Non spécifiée,,https://wsrv.nl/?url=https%3A%2F%2Funtoitenrim.com%2Fimages%2Fannonces%2F68632d5f261b5_main.jpeg&w=500&q=85&output=webp,2026-02-14,Nouakchott,3,1,,,,Location,,,
mauri-home.com,Non spécifié,APPARTEMENT A LOUER MEUBLE,20000 MRU,,Tevragh Zeina,Non spécifié,,,Non spécifiée,,https://wsrv.nl/?url=https%3A%2F%2Funtoitenrim.com%2Fimages%2Fannonces%2F68937c11d24e2_main.jpeg&w=500&q=85&output=webp,2026-02-14,Nouakchott,1,1,,,,Location,,,
mauri-home.com,Non spécifié,VILLA TRIPLEX HAUT STANDING AVEC PISCINE A LOUER,150000 MRU,,Tevragh Zeina,600 m²,,,Non spécifiée,,https://wsrv.nl/?url=https%3A%2F%2Funtoitenrim.com%2Fimages%2Fannonces%2F6861c7bb0f7e4_main.jpeg&w=500&q=85&output=webp,2026-02-14,Nouakchott,2,1,,,,Location,,,
